{
    "eval_loss": 1.1478933095932007,
    "eval_model_preparation_time": 0.0,
    "eval_precision": 0.030303030303030304,
    "eval_recall": 0.010025062656641603,
    "eval_f1": 0.015065913370998114,
    "eval_report": {
        "FUNC": {
            "precision": 0.0,
            "recall": 0.0,
            "f1-score": 0.0,
            "support": 59
        },
        "FUNGUS": {
            "precision": 0.08695652173913043,
            "recall": 0.011764705882352941,
            "f1-score": 0.020725388601036267,
            "support": 340
        },
        "micro avg": {
            "precision": 0.030303030303030304,
            "recall": 0.010025062656641603,
            "f1-score": 0.015065913370998114,
            "support": 399
        },
        "macro avg": {
            "precision": 0.043478260869565216,
            "recall": 0.0058823529411764705,
            "f1-score": 0.010362694300518133,
            "support": 399
        },
        "weighted avg": {
            "precision": 0.07409828920126403,
            "recall": 0.010025062656641603,
            "f1-score": 0.017660732141233912,
            "support": 399
        }
    },
    "eval_runtime": 4.7809,
    "eval_samples_per_second": 2.928,
    "eval_steps_per_second": 0.418
}